{
    "root_group": {
        "groups": {},
        "checks": {
                "status is 200": {
                    "id": "6210a8cd14cd70477eba5c5e4cb3fb5f",
                    "passes": 600,
                    "fails": 0,
                    "name": "status is 200",
                    "path": "::status is 200"
                },
                "returns 15 questions": {
                    "passes": 600,
                    "fails": 0,
                    "name": "returns 15 questions",
                    "path": "::returns 15 questions",
                    "id": "b7957bd1c4bc207d2d612a7d44ca7fd8"
                }
            },
        "name": "",
        "path": "",
        "id": "d41d8cd98f00b204e9800998ecf8427e"
    },
    "metrics": {
        "http_req_receiving": {
            "avg": 0.06069625666666662,
            "min": 0.016279,
            "med": 0.0562355,
            "max": 0.336494,
            "p(90)": 0.08438079999999999,
            "p(95)": 0.09521129999999993
        },
        "http_req_tls_handshaking": {
            "avg": 0,
            "min": 0,
            "med": 0,
            "max": 0,
            "p(90)": 0,
            "p(95)": 0
        },
        "http_req_duration": {
            "avg": 4.195203425000001,
            "min": 2.157684,
            "med": 3.702186,
            "max": 28.871555,
            "p(90)": 4.7329436,
            "p(95)": 5.3995409999999975,
            "thresholds": {
                "p(95)<500": false
            }
        },
        "vus": {
            "value": 20,
            "min": 20,
            "max": 20
        },
        "data_sent": {
            "rate": 1595.6966558263034,
            "count": 49200
        },
        "vus_max": {
            "value": 20,
            "min": 20,
            "max": 20
        },
        "checks": {
            "passes": 1200,
            "fails": 0,
            "thresholds": {
                "rate>0.99": false
            },
            "value": 1
        },
        "http_req_duration{expected_response:true}": {
            "avg": 4.195203425000001,
            "min": 2.157684,
            "med": 3.702186,
            "max": 28.871555,
            "p(90)": 4.7329436,
            "p(95)": 5.3995409999999975
        },
        "http_req_blocked": {
            "p(95)": 0.0043354499999999985,
            "avg": 0.040219013333333366,
            "min": 0.001467,
            "med": 0.002334,
            "max": 1.298686,
            "p(90)": 0.003691
        },
        "data_received": {
            "count": 2644200,
            "rate": 85758.96539300632
        },
        "iterations": {
            "count": 600,
            "rate": 19.45971531495492
        },
        "http_req_connecting": {
            "med": 0,
            "max": 0.266579,
            "p(90)": 0,
            "p(95)": 0,
            "avg": 0.004579368333333334,
            "min": 0
        },
        "http_req_sending": {
            "min": 0.003231,
            "med": 0.005984,
            "max": 0.151135,
            "p(90)": 0.0113559,
            "p(95)": 0.019179399999999996,
            "avg": 0.008770491666666665
        },
        "iteration_duration": {
            "p(90)": 1005.4714887,
            "p(95)": 1006.2662143,
            "avg": 1004.8272793766661,
            "min": 1002.433391,
            "med": 1004.3143915,
            "max": 1031.119867
        },
        "http_req_failed": {
            "passes": 0,
            "fails": 600,
            "thresholds": {
                "rate<0.01": false
            },
            "value": 0
        },
        "http_reqs": {
            "count": 600,
            "rate": 19.45971531495492
        },
        "http_req_waiting": {
            "avg": 4.125736676666667,
            "min": 2.110111,
            "med": 3.6370825,
            "max": 28.783053,
            "p(90)": 4.6621654,
            "p(95)": 5.3541075
        }
    }
}