{
    "metrics": {
        "http_req_sending": {
            "p(90)": 0.012628400000000007,
            "p(95)": 0.029155549999999985,
            "avg": 0.009601623857623913,
            "min": 0.004371,
            "med": 0.006556,
            "max": 0.138233
        },
        "checks": {
            "passes": 4158,
            "fails": 0,
            "value": 1
        },
        "http_req_receiving": {
            "p(95)": 0.09572944999999995,
            "avg": 0.06236240067340074,
            "min": 0.016274,
            "med": 0.056707999999999995,
            "max": 0.437184,
            "p(90)": 0.0872745
        },
        "vus": {
            "value": 4,
            "min": 0,
            "max": 99
        },
        "vus_max": {
            "value": 100,
            "min": 100,
            "max": 100
        },
        "http_req_duration": {
            "avg": 3.28597952910054,
            "min": 1.969846,
            "med": 3.23976,
            "max": 20.093929,
            "p(90)": 3.5492224,
            "p(95)": 3.7124345499999993,
            "thresholds": {
                "p(95)<1500": false
            }
        },
        "http_reqs": {
            "count": 4158,
            "rate": 44.00759180694234
        },
        "iterations": {
            "count": 4158,
            "rate": 44.00759180694234
        },
        "http_req_duration{expected_response:true}": {
            "max": 20.093929,
            "p(90)": 3.5492224,
            "p(95)": 3.7124345499999993,
            "avg": 3.28597952910054,
            "min": 1.969846,
            "med": 3.23976
        },
        "http_req_waiting": {
            "p(90)": 3.465176,
            "p(95)": 3.614488449999999,
            "avg": 3.214015504569501,
            "min": 1.905815,
            "med": 3.171051,
            "max": 19.942937
        },
        "data_received": {
            "count": 18324306,
            "rate": 193941.45709319488
        },
        "data_sent": {
            "count": 340956,
            "rate": 3608.622528169272
        },
        "http_req_failed": {
            "passes": 0,
            "fails": 4158,
            "thresholds": {
                "rate<0.05": false
            },
            "value": 0
        },
        "http_req_blocked": {
            "min": 0.001624,
            "med": 0.0026674999999999997,
            "max": 23.026697,
            "p(90)": 0.003830500000000001,
            "p(95)": 0.004831499999999996,
            "avg": 0.015045876863876822
        },
        "http_req_connecting": {
            "max": 22.977654,
            "p(90)": 0,
            "p(95)": 0,
            "avg": 0.010054627946127945,
            "min": 0,
            "med": 0
        },
        "http_req_tls_handshaking": {
            "med": 0,
            "max": 0,
            "p(90)": 0,
            "p(95)": 0,
            "avg": 0,
            "min": 0
        },
        "iteration_duration": {
            "avg": 1003.9197031375638,
            "min": 1002.289572,
            "med": 1003.8890610000001,
            "max": 1026.947444,
            "p(90)": 1004.3645366000001,
            "p(95)": 1004.5644228
        }
    },
    "root_group": {
        "groups": {},
        "checks": {
                "status is 200": {
                    "name": "status is 200",
                    "path": "::status is 200",
                    "id": "6210a8cd14cd70477eba5c5e4cb3fb5f",
                    "passes": 4158,
                    "fails": 0
                }
            },
        "name": "",
        "path": "",
        "id": "d41d8cd98f00b204e9800998ecf8427e"
    }
}