{
    "root_group": {
        "name": "",
        "path": "",
        "id": "d41d8cd98f00b204e9800998ecf8427e",
        "groups": {},
        "checks": {
                "status is 200": {
                    "name": "status is 200",
                    "path": "::status is 200",
                    "id": "6210a8cd14cd70477eba5c5e4cb3fb5f",
                    "passes": 10271,
                    "fails": 0
                }
            }
    },
    "metrics": {
        "checks": {
            "fails": 0,
            "passes": 10271,
            "value": 1
        },
        "spike_errors": {
            "passes": 0,
            "fails": 10271,
            "thresholds": {
                "rate<0.25": false
            },
            "value": 0
        },
        "http_req_blocked": {
            "avg": 0.012544681043715325,
            "min": 0.00157,
            "med": 0.00246,
            "max": 28.011652,
            "p(90)": 0.003338,
            "p(95)": 0.004085500000000001
        },
        "vus": {
            "value": 5,
            "min": 5,
            "max": 200
        },
        "iteration_duration": {
            "avg": 503.7840202210094,
            "min": 502.029775,
            "med": 503.744437,
            "max": 536.355121,
            "p(90)": 504.332577,
            "p(95)": 504.53420600000004
        },
        "vus_max": {
            "min": 200,
            "max": 200,
            "value": 200
        },
        "http_reqs": {
            "count": 10271,
            "rate": 197.89964343875192
        },
        "http_req_duration": {
            "p(95)": 3.7928565,
            "avg": 3.2780532269496683,
            "min": 1.910143,
            "med": 3.211473,
            "max": 580.447886,
            "p(90)": 3.575827
        },
        "http_req_connecting": {
            "p(95)": 0,
            "avg": 0.008291718430532575,
            "min": 0,
            "med": 0,
            "max": 27.949059,
            "p(90)": 0
        },
        "http_req_sending": {
            "med": 0.006035,
            "max": 0.152869,
            "p(90)": 0.010175,
            "p(95)": 0.028617,
            "avg": 0.008741624866127957,
            "min": 0.003469
        },
        "data_received": {
            "count": 45264297,
            "rate": 872143.7286345797
        },
        "http_req_tls_handshaking": {
            "avg": 0,
            "min": 0,
            "med": 0,
            "max": 0,
            "p(90)": 0,
            "p(95)": 0
        },
        "http_req_waiting": {
            "med": 3.144621,
            "max": 580.371701,
            "p(90)": 3.505787,
            "p(95)": 3.716819,
            "avg": 3.211030324408525,
            "min": 1.811958
        },
        "data_sent": {
            "count": 842222,
            "rate": 16227.770761977657
        },
        "http_req_receiving": {
            "avg": 0.05828127767500734,
            "min": 0.015595,
            "med": 0.055054,
            "max": 0.321862,
            "p(90)": 0.080161,
            "p(95)": 0.092209
        },
        "http_req_failed": {
            "passes": 0,
            "fails": 10271,
            "value": 0
        },
        "iterations": {
            "count": 10271,
            "rate": 197.89964343875192
        },
        "http_req_duration{expected_response:true}": {
            "p(95)": 3.7928565,
            "avg": 3.2780532269496683,
            "min": 1.910143,
            "med": 3.211473,
            "max": 580.447886,
            "p(90)": 3.575827
        }
    }
}